Dataset,Seed,Percentage,AUC,ACC,BER
algo004,18,0.1,0.9495656775375124,0.9978762001681342,0.0907308009909166
