Dataset,Seed,Percentage,AUC,ACC,BER
algo004,18,0.1,0.9492518363788771,0.9979056973880212,0.08707126256735934
